Date,Food,Hhold,Clothing,DeptStores,Other,Restaurants,Total
Apr-82,1162.6,592.3,359.9,460.1,479.1,342.4,3396.4
May-82,1150.9,629.6,386.6,502.6,486.1,342.1,3497.9
Jun-82,1160,607.4,350.5,443.8,467.5,328.7,3357.8
Jul-82,1206.4,632.4,359.3,459.1,491.1,338.5,3486.8
Aug-82,1152.5,622.6,325.2,438.4,485.7,331.5,3355.9
Sep-82,1189.1,622,346.3,465.1,489.9,341.9,3454.3
Oct-82,1247.4,637.8,354.2,452.7,500.9,358.4,3551.5
Nov-82,1280.7,717.2,403.9,522.9,531.1,374.7,3830.5
Dec-82,1483.7,1077,571.4,889.3,725.2,433.1,5179.7
Jan-83,1202.8,615.9,326.5,379.2,491.4,368.6,3384.5
Feb-83,1224.2,621.7,298.7,378,499.1,348.1,3369.8
Mar-83,1332.4,719.1,377.2,472.1,538.7,365.8,3805.3
Apr-83,1270.9,633.4,412.5,503.4,493.8,351.1,3665.1
May-83,1251.7,697.9,418.5,510.6,520.8,360.5,3760
Jun-83,1269.3,661.8,383,462.4,507.3,347.1,3630.8
Jul-83,1292.8,656.9,384,468.3,519.9,364.5,3686.5
Aug-83,1337,711,379.9,458.2,554.2,376,3816.3
Sep-83,1322.8,690.3,402,482.7,547.9,377.6,3823.4
Oct-83,1355.4,714.6,395.8,485.3,553.5,374.1,3878.7
Nov-83,1410.9,815.5,431.7,568.7,594.1,390.6,4211.5
Dec-83,1642.3,1197.8,626,963.7,795.5,459,5684.3
Jan-84,1314.5,684.2,357.6,414.7,538.8,388.8,3698.5
Feb-84,1335.4,698.5,346,414.5,561.6,377.1,3733.2
Mar-84,1388.8,746,419,484.7,574.6,397.8,4010.9
Apr-84,1346.5,634.7,406.9,487.3,529.7,383.3,3788.4
May-84,1404.3,755,480.9,597.9,590.1,414,4242.3
Jun-84,1367.6,677.2,403.1,500.4,542.2,381.5,3872.1
Jul-84,1361.6,708.7,411.9,543.4,559.4,393,3978
Aug-84,1436.7,740.9,414.5,503.4,591.6,409,4096.1
Sep-84,1355.6,679,392.1,522.8,557.2,394.7,3901.4
Oct-84,1462.7,769.3,446.3,556.6,614.5,424.5,4274
Nov-84,1501.4,859.3,484.8,623.2,651.8,436.5,4557.1
Dec-84,1686.6,1174.6,638.8,1039.4,820,488.1,5847.5
Jan-85,1484.7,703,401.6,516.3,598.9,425.6,4130
Feb-85,1397,669.4,368.2,452.5,577.9,391.8,3856.8
Mar-85,1495,742.2,418.3,525.8,599.6,416.1,4196.9
Apr-85,1474.9,721.6,450.3,587.7,574.6,419.8,4228.9
May-85,1556.8,855.8,540.1,700.3,639.9,446.2,4739.1
Jun-85,1453.7,742.3,452.3,561.8,573.5,406.8,4190.3
Jul-85,1558.6,799.9,476.4,602.8,628.6,448.5,4514.6
Aug-85,1585.7,815.5,467,582.5,649.6,466,4566.3
Sep-85,1518,776.8,452.6,563.1,614.7,455.2,4380.3
Oct-85,1655.7,881.3,522.9,637.1,667,493.6,4857.7
Nov-85,1667.3,973.2,557.3,697.1,704.6,505.6,5105
Dec-85,1867.3,1351.7,749.7,1187.5,908.1,563.9,6628.2
Jan-86,1674.4,812.6,447,570.5,666.1,504.3,4674.9
Feb-86,1558.5,763.6,399.4,478.2,641.5,452.9,4294.1
Mar-86,1676.6,768,419.6,547.4,636.2,480.3,4528
Apr-86,1643.7,827,504.5,594.3,662.4,497.2,4729
May-86,1746.5,935.1,588.2,751.6,709.8,530.8,5261.9
Jun-86,1638.5,833.6,485.7,553.4,641.8,484.8,4637.8
Jul-86,1721.8,878.2,507.2,663.2,692.9,526.3,4989.5
Aug-86,1720.9,898.1,484.5,581.1,700.8,538.4,4923.8
Sep-86,1705.7,862.3,496.9,661.9,698.1,537.4,4962.2
Oct-86,1816.4,950.6,545.5,665.6,756.7,570.4,5305.1
Nov-86,1774.7,968.2,545.8,700.9,750.1,563.8,5303.5
Dec-86,2073.6,1414,804.4,1367.9,1017,663.2,7340
Jan-87,1830.7,861.1,461.1,613.9,726.9,571.6,5065.3
Feb-87,1710.1,812.5,417.6,513.2,701.3,525.1,4679.8
Mar-87,1791,862.3,479.3,599.9,716.8,543.6,4993
Apr-87,1824.4,846.8,528.6,674.1,733.9,558.1,5166
May-87,1823.3,933.6,585.4,714,764.8,565.1,5386.3
Jun-87,1761.9,886.2,529.5,670.5,728.4,542.3,5118.9
Jul-87,1856.9,958.9,579.7,720.9,779.7,598.6,5494.6
Aug-87,1821,938.2,518.6,601.6,773.7,583.7,5236.7
Sep-87,1830,953,563.1,672.3,783.9,592.7,5395.1
Oct-87,1942.4,1058.8,596.6,709.1,814.1,623.3,5744.4
Nov-87,1885.9,1084.6,587.2,743.2,822,621.9,5745
Dec-87,2272.4,1576.1,864.5,1460.1,1109.6,739.8,8022.4
Jan-88,1885.1,938.9,487,631,757.4,605,5304.4
Feb-88,1845.2,968.3,502.6,551.1,773.5,586.1,5226.8
Mar-88,2021.6,1035.6,551,678.1,818,625.3,5729.7
Apr-88,1937.5,945.3,563.1,715.7,753.7,611.9,5527.3
May-88,1907,1074.9,619.6,740.8,814.9,630.5,5787.8
Jun-88,1925.7,1053.6,601.6,722,800.8,635.5,5739.2
Jul-88,1932.6,1045.1,592.7,683.5,810.1,658.7,5722.7
Aug-88,1977.6,1073.4,578,650.9,850.9,656.4,5787.3
Sep-88,2035.2,1040.7,641.7,723.3,845.5,660,5946.3
Oct-88,2050.7,1092.9,650.2,729.6,872.1,670.2,6065.8
Nov-88,2109.5,1210.9,664.4,870.3,945,670.8,6470.9
Dec-88,2549.7,1714.8,956.3,1570,1321.2,773.9,8885.8
Jan-89,2056.1,1089.2,598,631.5,872.7,732.8,5980.3
Feb-89,1990.2,1021.5,517,552,832.7,660.7,5574.1
Mar-89,2261.2,1107,593,719,905.5,713.2,6299
Apr-89,2104.6,1089,632.3,697.6,858.2,693.9,6075.7
May-89,2139,1203.6,679.5,764.8,940.9,710,6437.8
Jun-89,2170.3,1151.9,661.4,786.3,885.8,721.7,6377.4
Jul-89,2163.1,1135.8,634.6,715.1,897.7,741.3,6287.5
Aug-89,2255.1,1161.5,603,723.8,947.4,745.5,6436.4
Sep-89,2262.6,1174,636.3,757.9,967.7,766.9,6565.5
Oct-89,2221.7,1217.4,651.2,751.7,969.8,793.7,6605.4
Nov-89,2327.5,1351.2,709.5,923.8,1034.8,807.5,7154.3
Dec-89,2788.4,1714.2,964.7,1569.4,1415,942.7,9394.4
Jan-90,2277.4,1128.5,604.5,678.2,965.4,857.5,6511.6
Feb-90,2185.3,1048,516.7,586.2,930.4,764.4,6031
Mar-90,2439.5,1148.2,604.4,726.8,990.1,840.3,6749.3
Apr-90,2286,1083.7,635.3,744.1,922.4,804.6,6476.1
May-90,2382.9,1211.6,712.9,815.5,1016.2,808.9,6947.9
Jun-90,2361.9,1160.4,664.7,832.4,940.5,799,6758.9
Jul-90,2302.9,1136.2,647.9,710.3,961.2,815,6573.5
Aug-90,2469,1186,639.4,759.4,1029.4,828,6911.2
Sep-90,2307.8,1111.3,636,741.1,980.6,812.4,6589.3
Oct-90,2442.4,1215.3,682.8,786.6,1042.9,833,7002.9
Nov-90,2553.4,1277,722.3,931.5,1066.6,851.5,7402.3
Dec-90,2887.2,1659.5,985.8,1563.1,1373,945.7,9414.4
Jan-91,2551.9,1147.3,635.7,694,946.6,861.7,6837.2
Feb-91,2341.5,1094.5,551.5,604.7,921.3,771.1,6284.6
Mar-91,2593.6,1133.5,603,719.2,975.4,813.3,6837.9
Apr-91,2402.9,1136.3,686.3,748.2,938.5,797.4,6709.5
May-91,2584.5,1205.3,735.1,828.2,1018,820.6,7191.7
Jun-91,2410,1110,651.6,746.9,955.1,801.3,6674.9
Jul-91,2540,1220.1,722.7,794.5,1040.2,829.4,7147
Aug-91,2684,1231.6,664.8,770.4,1058.4,853.5,7262.7
Sep-91,2452.1,1165.6,648.6,741.5,1008.2,882,6898.1
Oct-91,2679.6,1312.5,753,858.6,1081.9,938.9,7624.4
Nov-91,2693.4,1343.1,740.7,944.7,1128.7,953.8,7804.4
Dec-91,2984.8,1660.7,1046.5,1600.3,1473.1,1048.3,9813.7
Jan-92,2684.5,1203.5,695.3,740,1043.7,938.3,7305.3
Feb-92,2562.4,1143.3,611.4,665.9,1003.6,861.5,6848.2
Mar-92,2643.1,1199.5,645.5,701.5,1038.9,936.1,7164.6
Apr-92,2707.1,1206.7,721.6,831.4,1036.8,932,7435.5
May-92,2697.5,1228.4,769.2,878.6,1048.2,929.4,7551.4
Jun-92,2584.2,1199.3,721,826,981.7,868.5,7180.7
Jul-92,2754.7,1278.9,729.6,788.2,1044.4,891.3,7487
Aug-92,2670.5,1194.8,633.8,723.6,1021.1,875.5,7119.3
Sep-92,2665.6,1260.6,668.4,819.8,1077.5,914.1,7406
Oct-92,2858.5,1379.7,747.9,902.5,1121.8,935.7,7946.1
Nov-92,2700.6,1382.2,734,968.6,1169.8,931.8,7887
Dec-92,3221.5,1817.1,1060.3,1650.9,1584.1,1045.8,10379.6
Jan-93,2789.1,1292.7,663.8,762.1,1030.4,917.8,7455.9
Feb-93,2610.6,1190.4,568.3,643,982.5,838.1,6833
Mar-93,2795.8,1346.6,634.5,754.1,1096.6,869.8,7497.4
Apr-93,2832.7,1274.5,668,840.7,1061.8,862.1,7539.8
May-93,2773.6,1324.2,723,906.6,1095.7,852.1,7675.2
Jun-93,2714.1,1308.6,711.5,887.1,1059,827.6,7507.9
Jul-93,2876.2,1345.9,702.8,771.5,1095.6,882.3,7674.2
Aug-93,2734,1300.5,639.9,728.7,1091.6,866.9,7361.4
Sep-93,2805.7,1366.1,678.3,844.7,1165.8,904.9,7765.5
Oct-93,2901.8,1438,703.9,886.9,1201.7,931.2,8063.3
Nov-93,2872.4,1532.2,746.5,970,1285.1,963,8369.3
Dec-93,3433.4,2011.8,1089.7,1710.5,1786,1099.5,11130.8
Jan-94,2834.4,1373.4,665.3,745.7,1127.3,984.5,7730.6
Feb-94,2724.2,1325.1,579.3,664.4,1100.6,901.6,7295.2
Mar-94,3048.7,1451.4,685.9,821.5,1217.5,1015.2,8240.1
Apr-94,2837.4,1334.8,709.4,831.7,1123,939.1,7775.5
May-94,2848.7,1443.6,731.6,908,1187.7,941.4,8061.2
Jun-94,2869.9,1456,695.9,912.6,1187.9,934.8,8057.1
Jul-94,2953.3,1427.8,682.5,782.9,1216.9,1013.3,8076.6
Aug-94,2964.7,1503.1,677.3,798.8,1261.3,1017.5,8222.7
Sep-94,3013.5,1475.2,722.3,887,1271.9,1040.7,8410.6
Oct-94,3081.6,1508.7,748.2,934.6,1303.5,1061.8,8638.4
Nov-94,3082.7,1616.5,773.9,1000.4,1363,1070.2,8906.7
Dec-94,3700,2058.9,1092.1,1817.5,1827.4,1188.3,11684.1
Jan-95,3063,1463.9,703.5,752.4,1209.3,1076.3,8268.3
Feb-95,2949.1,1373.3,615.7,682.5,1148.1,981.6,7750.3
Mar-95,3244.4,1533.7,702.4,811.2,1266.3,1098.9,8656.9
Apr-95,3151,1420.6,755.9,906,1213.2,1067.8,8514.5
May-95,3200,1576.3,766,927.2,1307.7,1083.3,8860.4
Jun-95,3179.6,1607.5,761.4,906.8,1267.7,1045,8767.9
Jul-95,3212,1545.7,726.7,880.6,1302.7,1094.4,8762.1
Aug-95,3342.3,1550.8,727.6,873.9,1360,1109.7,8964.4
Sep-95,3301.7,1583,751.6,856.8,1377.1,1126.1,8996.2
Oct-95,3369.8,1622.6,769.4,920.6,1365.9,1166.5,9214.9
Nov-95,3485.3,1705.5,813.6,1067.4,1461.4,1194.3,9727.5
Dec-95,3996.9,2212.4,1156.5,1857.2,1987.4,1314.7,12525
Jan-96,3357.2,1580.7,754.8,833.1,1345.6,1213.1,9084.7
Feb-96,3339,1485.5,662.9,737.1,1279.6,1128,8632.1
Mar-96,3468.7,1582.6,717.6,812,1313.2,1180,9074.2
Apr-96,3346.5,1498.9,758.2,895.2,1278.4,1169.3,8946.5
May-96,3515.8,1644.5,807.1,962.8,1359.2,1145.7,9435.2
Jun-96,3329.3,1610.9,755.8,908.6,1289.5,1109,9003.1
Jul-96,3433.3,1695,777.9,908,1338.8,1138.1,9291.1
Aug-96,3577.3,1664.9,746.1,888.9,1363.3,1145.7,9386.1
Sep-96,3377.2,1583.8,739.9,833.7,1317.4,1104.9,8956.8
Oct-96,3648.3,1740.4,806.1,933.7,1404.8,1142.2,9675.6
Nov-96,3649.2,1798.7,808,1081.6,1463.1,1129.4,9930.1
Dec-96,4034.4,2296.1,1148.8,1837.6,1975.8,1230.8,12523.5
Jan-97,3688.2,1686,777.1,840.9,1344.2,1180.1,9516.5
Feb-97,3363,1576.9,639.8,727.4,1269.3,1059.5,8636
Mar-97,3676.9,1608.8,700.9,857.9,1332.5,1148,9325
Apr-97,3480.1,1610.8,775.5,849,1364.4,1141.3,9221.1
May-97,3682.6,1712.9,845.3,994.8,1413.2,1170.3,9819.1
Jun-97,3414.8,1664.3,749.4,830.2,1344.5,1113.5,9116.7
Jul-97,3652.3,1698,791.7,971.1,1441.7,1164.6,9719.3
Aug-97,3669,1662.9,740.1,836,1443.5,1173.3,9524.8
Sep-97,3585.7,1678.9,777.5,939.1,1461.3,1154.1,9596.6
Oct-97,3879.4,1811.1,841.7,976.9,1523.2,1204.8,10237
Nov-97,3794,1835.5,863.6,1111.3,1552.9,1183.7,10340.9
Dec-97,4339.8,2418.4,1231.1,1879.1,2143.1,1306.7,13318.2
Jan-98,3973.8,1724.9,803.2,917.3,1437.6,1185.9,10042.7
Feb-98,3571.6,1531.3,681,716.2,1322.4,1050,8872.4
Mar-98,3799.6,1660,749.7,822.9,1402.3,1141.1,9575.7
Apr-98,3832.3,1602,829.8,970.1,1415.8,1106.7,9756.6
May-98,3882.4,1677,894,970.2,1432.9,1144.2,10000.6
Jun-98,3705.2,1668.8,835,849.4,1409.5,1088.2,9556.1
Jul-98,3951.3,1699.6,888.2,1042.3,1481.7,1162.2,10225.4
Aug-98,3888.9,1649.9,822.5,869.9,1459.4,1144.8,9835.4
Sep-98,3897.8,1685,869.3,939.4,1518.7,1149.5,10059.8
Oct-98,4213.3,1783.6,928.8,1021.3,1567.9,1258.6,10773.4
Nov-98,4003.3,1776,925.5,1137.7,1599.4,1200.8,10642.7
Dec-98,4690.1,2323.2,1348.5,1975.7,2189.7,1310.2,13837.5
Jan-99,4218.6,1775.4,866.6,942,1490.5,1244,10537.1
Feb-99,3844.3,1597.2,736.7,738.4,1389.2,1124.4,9430.1
Mar-99,4250.9,1733.6,864.4,903.2,1542.5,1245.4,10540
Apr-99,4091.1,1681,930.6,953.2,1498.9,1236,10390.7
May-99,4079,1764.5,937,1011.2,1517.9,1271.4,10581
Jun-99,3961.9,1779,915.5,894.4,1505.8,1208,10264.8
Jul-99,4239.4,1817.4,913.3,1054.5,1581,1219.2,10824.9
Aug-99,4117.8,1830.7,888.6,899.5,1585.1,1233.6,10555.3
Sep-99,4184,1894.3,939.6,1002.3,1627.4,1261.3,10908.9
Oct-99,4373.6,2000.7,982.2,1043.7,1622.2,1314.4,11336.8
Nov-99,4273,2037,1022.2,1207.2,1726.2,1318.3,11584
Dec-99,5099.8,2568.3,1471.2,2069.6,2352.7,1455.3,15016.9
Jan-00,4247.2,1924.7,903.4,924.9,1496.6,1297.4,10794.2
Feb-00,4069.7,1813.6,764.5,798.2,1462.1,1206.7,10114.8
Mar-00,4353.4,1919.9,877.4,901.9,1553,1324.6,10930.1
Apr-00,4174.4,1769.8,905.7,1024.7,1482.8,1252.5,10609.9
May-00,4161.7,1985.7,995.2,1052.3,1575.8,1282.1,11052.7
Jun-00,4175.1,2346.3,1103.9,1165.5,1609.6,1274.7,11675.2
Jul-00,4221.2,1875.7,808.6,859.3,1522.5,1317.9,10605.2
Aug-00,4362.9,2013.1,853,1009.2,1623.6,1328.8,11190.6
Sep-00,4315.6,2015.7,986.4,1054.6,1642.7,1432.4,11447.4
Oct-00,4384.7,2098.2,957.7,1070.4,1692.6,1460.8,11664.4
Nov-00,4450.9,2213.3,1022.4,1232.5,1792.5,1416.3,12127.8
Dec-00,5194.1,2776,1499.7,2177.5,2381.5,1538.6,15567.3
Jan-01,4486.2,2095.8,945.7,971.9,1641.7,1470.8,11612.2
Feb-01,4221.3,1887.4,800.3,814.6,1563.5,1338,10625.2
Mar-01,4699.1,2063.2,945.4,1017.5,1694.1,1521.2,11940.5
Apr-01,4497.1,1982.7,989.6,1039.2,1626.9,1441.3,11576.8
May-01,4603,2118.3,1056.3,1123.5,1728.6,1446.1,12075.8
Jun-01,4458.2,2205.1,989.3,1024.9,1674.2,1397.6,11749.3
Jul-01,4532.8,2217.5,976.7,1100.8,1733.8,1477.4,12038.9
Aug-01,4745.1,2253.1,947.1,963,1792.2,1504.6,12204.9
Sep-01,4606.5,2188.7,985.1,1012.9,1718.8,1437.2,11949.3
Oct-01,4863.1,2404.9,1079.5,1132,1829.9,1488.5,12797.9
Nov-01,4941.5,2517.4,1128.2,1344.8,1944.2,1482.9,13359
Dec-01,5543,3113.9,1616.1,2269.5,2589.6,1611.4,16743.5
Jan-02,5044.6,2438.8,1072.6,1027.9,1769.9,1482.1,12836
Feb-02,4559.4,2123.9,895.5,841.4,1642.5,1329.8,11392.4
Mar-02,5098.2,2296.4,1016.1,1043.9,1795,1478.9,12728.5
Apr-02,4747.6,2336,1058.2,1075.3,1778.3,1460.4,12455.8
May-02,5028.5,2478.6,1139.2,1190.9,1898.8,1481.9,13217.9
Jun-02,4716.1,2475,1029.5,1143,1762.1,1424.9,12550.6
Jul-02,4971.5,2465.3,1033.3,1075.7,1870.2,1527.3,12943.3
Aug-02,5145.5,2501.2,1050.6,1065.9,1946.9,1551.6,13261.7
Sep-02,4912.5,2460.6,1079,1060.1,1880.9,1495.1,12888.3
Oct-02,5283.5,2635.3,1170,1211.4,1942,1556.6,13798.9
Nov-02,5300.6,2752.9,1250.2,1495.1,2047.7,1571.9,14418.4
Dec-02,5862.1,3366.1,1730.9,2338.6,2769.7,1734,17801.4
Jan-03,5402.8,2528.5,1108.8,1099.3,1876.5,1620.4,13636.3
Feb-03,4861,2231.8,925,900.5,1727.3,1421.8,12067.5
Mar-03,5280.2,2430.7,1072.8,1092.7,1839.2,1574.2,13289.7
Apr-03,5171.5,2368.9,1144.4,1222.4,1851.6,1589.1,13347.9
May-03,5316.3,2539.9,1188.2,1237.1,1958.4,1657.4,13897.3
Jun-03,4895.4,2595.6,1130.4,1237.9,1870.4,1554.2,13284
Jul-03,5296.9,2675.1,1130.1,1182,2021.9,1699.4,14005.4
Aug-03,5286.8,2665.2,1097.2,1101.2,2045.1,1737.8,13933.3
Sep-03,5192.1,2726.7,1166.3,1198.2,2063.2,1709.4,14055.9
Oct-03,5583.9,2903.8,1270.2,1316.1,2236.2,1878.4,15188.7
Nov-03,5498.8,2948.3,1319.3,1528.2,2322,1838.4,15455
Dec-03,6269.7,3650.5,1854.6,2424.2,3137.1,2048.3,19384.4
Jan-04,5769.9,2829.9,1217,1182.9,2039.8,1895.2,14934.7
Feb-04,5311.8,2545.4,1033.1,989.8,1942.6,1765.8,13588.5
Mar-04,5602.4,2746.3,1130.9,1131.4,2117.1,1872.8,14600.9
Apr-04,5627.7,2569.2,1190.7,1277.1,2013.5,1873.7,14552
May-04,5542.3,2675.2,1265.6,1280.3,2075.5,1846.2,14685.1
Jun-04,5406.3,2793.8,1261.2,1384.1,2075,1758.5,14679
Jul-04,5722.7,2843.3,1233.3,1305.9,2171.6,1878.2,15154.9
Aug-04,5569.3,2798.1,1185,1166.8,2162.3,1850.1,14731.7
Sep-04,5622.8,2848,1272.5,1317.9,2221.4,1921.5,15204.1
Oct-04,5819.7,3078.3,1324.9,1358.3,2273.3,1914.5,15769.1
Nov-04,5753.4,3185.1,1349.9,1536.7,2352.9,1839.9,16017.9
Dec-04,6753.1,3877.3,1915.2,2500.8,3209.8,2041.9,20298.1
Jan-05,5710.3,2963.1,1273.7,1246.3,2074.7,1798.7,15066.7
Feb-05,5336.4,2622.9,1055.6,1037.3,1979.9,1661.2,13693.5
Mar-05,5936.5,2782.9,1210.4,1300.8,2117.9,1780.3,15128.9
Apr-05,5710.9,2787.4,1221.3,1153.7,2060.3,1809,14742.6
May-05,5661,2879.3,1308.9,1264.2,2098.2,1788.9,15000.6
Jun-05,5582.8,2969.3,1310.1,1454.2,2074.5,1768.9,15159.8
Jul-05,5888.5,2964.4,1237.2,1290.1,2090,1869,15339.3
Aug-05,5929.6,2984.4,1235.8,1210.7,2125.1,1813.4,15299
Sep-05,5931.4,2971,1315.5,1277.8,2094.3,1845.8,15436
Oct-05,6100.1,3099.2,1368.8,1314.4,2142.3,1978.1,16002.8
Nov-05,6071.2,3252.9,1400.9,1540.4,2290.4,1965,16520.8
Dec-05,7083.5,4088.1,1958.3,2536,3136.2,2152.8,20955
Jan-06,6113.6,3036,1289.2,1193.7,2068.4,1913.8,15614.7
Feb-06,5704.1,2692.5,1084.3,1037.7,1962.4,1750.1,14231
Mar-06,6335.1,2953.4,1242.8,1204.5,2149.1,1983.8,15868.7
Apr-06,6139.3,2804.1,1290.5,1348.6,2070.2,1966.5,15619.2
May-06,6133.3,3026.2,1349,1267.6,2177.8,2005.1,15959
Jun-06,6071.6,3148.2,1346.9,1429,2167.3,1943.6,16106.6
Jul-06,6197.4,3120.4,1304,1412,2161.5,2019.2,16214.5
Aug-06,6368.5,3150.1,1324.9,1239.2,2275.9,2043.2,16401.9
Sep-06,6296.9,3196.1,1384.2,1219.1,2213.6,2038.7,16348.7
Oct-06,6567.2,3346.8,1464.3,1344.6,2319.4,2113.3,17155.7
Nov-06,6614.2,3494,1486.1,1623.3,2473.4,2109.4,17800.4
Dec-06,7569.8,4301.3,2056.6,2611.1,3306.8,2297.3,22142.8
Jan-07,6638.4,3332.3,1354.6,1267.3,2165.5,2097.1,16855.2
Feb-07,6172.9,2963.4,1165,1047,2044,1939,15331.4
Mar-07,6863,3283.3,1368.3,1331.6,2279.5,2191.9,17317.7
Apr-07,6600,3010.1,1359.1,1302.6,2108.5,2134,16514.4
May-07,6691.7,3239.8,1430.3,1365.1,2228.1,2145.5,17100.4
Jun-07,6518,3399,1461.5,1491.5,2180.3,2133.8,17184.1
Jul-07,6751.1,3333.5,1427.6,1462.3,2284.2,2178.4,17437
Aug-07,7001.1,3433.6,1406.8,1315.5,2386.6,2257.9,17801.5
Sep-07,6847.4,3443.2,1459.1,1353.3,2321,2179.5,17603.5
Oct-07,7144.7,3591.4,1561.1,1440.6,2535.3,2257.3,18530.4
Nov-07,7250,3774.4,1617.8,1687.9,2692.3,2284.6,19307.1
Dec-07,8154.3,4684.7,2204.2,2747,3582.4,2461.1,23833.7
Jan-08,7206.3,3535.1,1461.1,1397.8,2437.1,2163.5,18201
Feb-08,6787.8,3142.9,1278.1,1140.5,2355.5,2086.7,16791.4
Mar-08,7315.8,3212.5,1353.9,1351.7,2414.5,2159.4,17807.9
Apr-08,6882.6,3238.4,1486.7,1396.6,2390.5,2148.2,17543
May-08,7163.6,3349.2,1541.9,1421.1,2530.9,2176.7,18183.5
Jun-08,6761.8,3443.7,1402.5,1401.6,2378.4,2089.9,17477.9
Jul-08,7240.5,3413.8,1460.4,1582.3,2521.7,2172.6,18391.2
Aug-08,7355.4,3411,1419.4,1268.4,2540,2204,18198.2
Sep-08,7095.7,3327.8,1468.3,1383.3,2485.9,2124.2,17885.2
Oct-08,7642.8,3530.5,1547.4,1452.4,2668.9,2302.4,19144.5
Nov-08,7630.1,3595.6,1594.1,1675.9,2740,2242.8,19478.5
Dec-08,8784.9,4908.6,2308.7,2886.1,3816.6,2479.4,25184.3
Jan-09,7985.3,3560.7,1543.2,1451,2525.9,2318.3,19384.5
Feb-09,7151.3,2968.2,1259.1,1056.6,2349.1,2069.5,16853.8
Mar-09,7832.4,3301.6,1518.6,1386.9,2585.3,2303.2,18927.9
Apr-09,7710.6,3203.9,1579.8,1509.1,2519,2326.9,18849.3
May-09,7763.2,3379.7,1709.3,1519.4,2624.2,2401.7,19397.5
Jun-09,7399.3,3620.6,1568,1500.5,2551.6,2263,18902.9
Jul-09,7725.6,3452.3,1514.7,1570.7,2682.3,2415.1,19360.6
Aug-09,7807.5,3467.7,1498.2,1341.5,2595.8,2446.1,19156.7
Sep-09,7635.8,3406.1,1537.2,1399.9,2620.5,2430.7,19030.3
Oct-09,8109.7,3641.4,1631.4,1534.3,2775.7,2602,20294.6
Nov-09,8204,3787.3,1692.5,1736.6,2849.8,2569.9,20840.1
Dec-09,9249,4706,2493.6,2795.1,3817.7,2897.1,25958.5
Jan-10,8093.4,3561,1545.9,1469.1,2601.3,2521.3,19792
Feb-10,7243.1,3052.5,1273.6,1111.9,2426.4,2323.9,17431.5
Mar-10,8017.8,3322.8,1452.3,1379.9,2709.9,2607.5,19490.3
Apr-10,7835.6,3213.8,1507.5,1389.7,2549.6,2535.8,19032
May-10,7887.6,3360.1,1653.6,1427.2,2633.7,2571.4,19533.6
Jun-10,7527.9,3591.7,1558.6,1551.4,2604.6,2504.9,19339.1
Jul-10,8044.4,3480.7,1579,1581,2765.1,2781.3,20231.6
Aug-10,7924.7,3497.8,1511,1324,2803.4,2800,19860.8
Sep-10,7855.4,3476.1,1610.1,1422,2809.9,2742.8,19916.3
Oct-10,8239.5,3692.1,1594.6,1464.9,2854.1,2730.2,20575.4
Nov-10,8288.1,3831,1656.3,1705.5,2998.3,2684.4,21163.7
Dec-10,9491.8,4839.5,2546.8,2752.4,3947.6,3021.1,26599.2
Jan-11,8403.6,3458.3,1499,1412.6,2692,2598.2,20063.7
Feb-11,7649.6,3065.6,1291.8,1117.5,2563.6,2391.3,18079.3
Mar-11,8285,3365.1,1478.2,1321.6,2835,2648.9,19933.8
Apr-11,8211.3,3253.1,1549.9,1472.6,2747.2,2598.9,19833
May-11,8059,3391.7,1626.1,1408.9,2798.4,2604.1,19888.1
Jun-11,7878.3,3531.3,1545.9,1471.9,2791.4,2519.5,19738.3
Jul-11,8315.2,3463.3,1456.2,1532.5,2950.6,2701.9,20419.6
Aug-11,8360.3,3578.6,1420.7,1293.5,2995.6,2739.6,20388.3
Sep-11,8274.2,3613.9,1500,1345.7,2997.8,2744.3,20475.9
Oct-11,8606.3,3769,1566.6,1404.7,3022.4,2814.4,21183.4
Nov-11,8569.9,3920.7,1612,1660,3317.5,2784.2,21864.2
Dec-11,9936,4867.7,2577.1,2730.5,4267.6,3046.6,27425.4
Jan-12,8534.8,3540.6,1536.3,1362.4,2826,2729.5,20529.6
Feb-12,8119.1,3144.9,1308.8,1131.7,2810.8,2556,19071.2
Mar-12,8736.6,3396.4,1511.5,1349.2,3035.1,2839.3,20868.1
Apr-12,8399.2,3180.4,1517.7,1391.2,2803,2737.4,20028.9
May-12,8450.7,3435.8,1695.7,1456.9,2997.2,2836.7,20873.1
Jun-12,8269.7,3579.5,1647.6,1616.4,2980.1,2784.8,20878.1
Jul-12,8500.4,3601.1,1546.9,1423.4,2960.6,2932.2,20964.6
Aug-12,8787.9,3627.1,1531.4,1359,3083.9,2962.7,21352
Sep-12,8582.8,3639,1565.6,1367.8,2999.1,2885.9,21040.2
Oct-12,8982,3725.3,1619.9,1442.6,3113.9,2966.7,21850.4
Nov-12,9048.5,3851.4,1682.8,1672.9,3451.5,2973.1,22680.2
Dec-12,10262.1,4760.2,2615.7,2753.3,4107.5,3177.5,27676.4
Jan-13,9067.6,3669.1,1613.2,1397.4,2913.7,2849.6,21510.6
Feb-13,8264.8,3201.1,1348.1,1113.6,2764.4,2607.7,19299.8
Mar-13,9272,3393.1,1448.8,1397.3,2975.3,2924,21410.5
Apr-13,8614.9,3320.2,1578,1339.1,2895.3,2853.5,20601.1
May-13,8876.5,3456.3,1718,1441.9,3086.8,2901.5,21481
Jun-13,8516.9,3602.2,1641.1,1537.4,2873.9,2813,20984.5
Jul-13,8855.8,3642.3,1592.9,1390.6,3024.2,2968.4,21474.2
Aug-13,9188.1,3726.1,1618.4,1337.2,3089.2,3065.1,22024
Sep-13,8839.1,3624.9,1676.6,1359.4,3063.1,2988.7,21551.9
Oct-13,9338.4,3844.8,1791.4,1463.3,3240.5,3175.4,22853.7
Nov-13,9345.9,3997.8,1879.7,1668.9,3668.3,3210.8,23771.3
Dec-13,10856.4,4963.8,2761.9,2725.5,4293.3,3536.8,29137.6
Jan-14,9701.6,3810.6,1718.2,1451,3070.1,3209.1,22960.6
Feb-14,8667.9,3362.4,1416.4,1064.9,2903.6,2879.9,20295
Mar-14,9524.6,3627,1609.5,1293.2,3099.9,3232,22386.2
Apr-14,9223.9,3460.9,1656.5,1442.9,3009.6,3182.1,21975.8
May-14,9386,3653,1780.5,1411.8,3160.5,3228.3,22620.1
Jun-14,8977.5,3844.1,1680.8,1461.6,3029.7,3067.5,22061.3
Jul-14,9393.3,3878.1,1649,1501.6,3179.3,3315.8,22917.2
Aug-14,9582.4,3846.1,1604.1,1254.2,3260.7,3350.7,22898.2
Sep-14,9353.8,4033.2,1691.2,1356.4,3262.1,3360.4,23057.2
Oct-14,9964.4,4278.7,1791.5,1478.7,3417.8,3401.6,24332.7
Nov-14,9911.1,4421.3,1821,1687.7,3577.5,3374.9,24793.5
Dec-14,11271.6,5357.5,2907,2756.9,4440.3,3692.7,30425.9
Jan-15,9955.4,4157.9,1796.2,1471.2,3152.6,3391.3,23924.6
Feb-15,9020,3682.4,1456.2,1053.8,2999.9,3027.5,21239.9
Mar-15,9926.5,3983.5,1702,1367.2,3243.1,3361.9,23584.2
Apr-15,9538,3713.9,1793.4,1442.2,3058.8,3266.5,22812.9
May-15,9707.1,3976.9,1891.2,1428.7,3214.7,3314,23532.6
Jun-15,9217.8,4319.2,1774.7,1480.9,3243.5,3257.5,23293.5
Jul-15,9718,4186.1,1788.5,1540.9,3337.2,3445.3,24015.9
Aug-15,9834.8,4159.8,1697.1,1331.9,3379.5,3421.1,23824.2
Sep-15,9645.8,4273.9,1790.1,1400.1,3454.5,3444.4,24008.9
Oct-15,10319.2,4567.9,1888.5,1566.3,3579.5,3525.8,25447.3
Nov-15,10128.5,4692.8,1915.6,1730.5,3824.9,3491.3,25783.5
Dec-15,11731.2,5735.9,3079.9,2913.6,4642.5,3819.9,31923
Jan-16,10244.9,4376.7,1875.7,1519.2,3304.9,3431.8,24753.1
Feb-16,9556.9,3979.6,1598.7,1155.8,3257,3186.9,22734.9
Mar-16,10354,4097.4,1780.6,1451.5,3398.6,3435.2,24517.3
Apr-16,9727.9,4064.9,1924.6,1451,3355.8,3451.7,23975.9
May-16,9815.2,4092.5,1926.7,1449.7,3428.5,3431,24143.5
Jun-16,9516.5,4357.3,1967.1,1596.1,3414.4,3313.9,24165.3
Jul-16,9928.5,4225.1,1876.1,1468.3,3492.7,3573,24563.7
Aug-16,10041.9,4239.4,1806.3,1293.9,3562.3,3647.5,24591.3
Sep-16,10005.7,4469,1896.8,1393.5,3602.3,3696.3,25063.6
Oct-16,10482.6,4696.8,1937.8,1497.4,3643.2,3716.6,25974.6
Nov-16,10435.7,4874.4,2057.1,1684.3,4051.1,3678.5,26781.1
Dec-16,12230.1,5782.3,3330.5,2850.4,4859.6,4047.3,33100.2
Jan-17,10431.5,4463.5,1939.7,1428.5,3421.5,3621.4,25306.2
Feb-17,9574.6,3897.6,1558.9,1092.4,3230.8,3260.6,22615
Mar-17,10510.3,4196.9,1826.7,1370.3,3590.4,3619,25113.5
Apr-17,10274.1,3994.9,1885.8,1522.6,3338.8,3567,24583.1
May-17,10189.7,4291,2024.2,1452.4,3577.3,3598.6,25133.2
Jun-17,9857.6,4659.4,1988.3,1557.2,3560.8,3544.2,25167.5
Jul-17,10272.8,4365.1,1896.4,1445.5,3600.7,3698.1,25278.6
Aug-17,10363.7,4347.3,1839.3,1303.1,3710.9,3711.2,25275.4
Sep-17,10307.9,4384.6,1891.6,1407.2,3627.8,3729.7,25348.7
Oct-17,10710.9,4639,1948.2,1518.3,3709.6,3871.1,26397.1
Nov-17,10780.7,5025,2139.4,1730.4,4203.7,3828.1,27707.3
Dec-17,12552.1,5901.4,3297.7,2822.6,4890.3,4174.9,33639
Jan-18,10713.3,4516.1,1967.4,1413.1,3587.3,3698.8,25896
Feb-18,9833.2,4023.6,1632.2,1099.4,3334.5,3377.8,23300.7
Mar-18,11188.4,4327.6,1884.8,1416.2,3651.9,3749.1,26218
Apr-18,10354.1,4131.3,1913.2,1402.7,3402.6,3679.3,24883.3
May-18,10645.2,4370.8,2123.9,1518,3629.7,3666.6,25954.1
Jun-18,10268.2,4659.6,2099.3,1587.2,3611.7,3601.3,25827.2
Jul-18,10604.4,4420.4,1918.7,1426.7,3721.4,3844,25935.6
Aug-18,10852.2,4434.8,1919.5,1343.6,3882.2,3908.3,26340.6
Sep-18,10713.8,4467.8,1915.4,1398.8,3704.7,3863.4,26063.9
Oct-18,11126.1,4779.9,2082.5,1524.8,3965.3,3929.1,27407.7
Nov-18,11214.7,5100,2268.7,1745.1,4346.5,3934.2,28609.2
Dec-18,13037.6,5826.5,3351.8,2813.5,5053.1,4278.9,34361.4
Jan-19,11253.8,4518.6,2027.6,1409.6,3711.7,3826.7,26748
Feb-19,10308.6,4020.5,1690.8,1115.2,3458.1,3456,24049.2
Mar-19,11405.1,4325.4,1970.6,1355.7,3706.7,3897.1,26660.6
Apr-19,10964.8,4086.4,1996.7,1474.6,3606.5,3808.2,25937.2
May-19,11024.2,4345.5,2167.9,1512,3829.4,3829,26708
Jun-19,10587.6,4590.4,2134.9,1570.2,3722.7,3706,26311.9
Jul-19,10950.7,4431.4,2005.3,1439.2,3873.3,3903.5,26603.4
Aug-19,11296.5,4480.6,2030.1,1381.4,3969.8,3948.4,27106.8
Sep-19,10949.5,4491.2,1981.3,1384.2,3853.6,3926.6,26586.5
Oct-19,11569.3,4793.9,2126.9,1544.5,4069.3,4043.2,28147.1
Nov-19,11648.2,5172.5,2404,1826.3,4408.9,4067.3,29527.1
Dec-19,13310.8,6024.6,3474.3,2819.9,5191.2,4389.3,35210.2
Jan-20,11574.1,4563.4,2086.8,1417.3,3789.7,3890.1,27321.3
Feb-20,11072.4,4214.4,1718.2,1180.2,3629.8,3621.3,25436.2
Mar-20,14319.2,4752.4,1452.4,1241.4,4395.4,3007.1,29167.9
Apr-20,11662.1,4532.7,703.9,1177,3645.2,1907.9,23628.7
May-20,12518.8,5607.6,1740.7,1697.2,4131.3,2499.1,28194.7
Jun-20,11952.6,5756.6,2055.3,1557.7,4142.6,3111.8,28576.6
Jul-20,12697.8,5764.9,2104.2,1528,4467.8,3458,30020.7
Aug-20,12773.5,5336.9,1798,1236.8,4204.6,3229.6,28579.5
Sep-20,12382,5272.7,1821.5,1360.2,4170.9,3342.5,28349.8
Oct-20,13049.3,5565.9,2083.7,1562.4,4462.9,3615.8,30340
Nov-20,12786.8,6525.9,2757.6,2070.7,5172.7,3805.6,33119.3
Dec-20,14756.9,7065,3868.9,3012.7,5939.5,4260.1,38903.2
Jan-21,12825.2,5447.4,2237.5,1514,4300.6,3783.9,30108.5
Feb-21,11378.5,4879.3,1872.8,1197.7,4008.5,3440.4,26777.2
Mar-21,12565.1,5337.3,2297.3,1600.2,4491.2,4044.9,30336
Apr-21,12001.6,5011.2,2387.6,1596.8,4252.1,4017.5,29266.9
May-21,12334.8,5249.2,2519.6,1602.1,4468,4043.1,30216.8
Jun-21,11949.2,5551.9,2265.2,1560.2,4410.4,3696.9,29433.8
Jul-21,12811.6,5199.7,1841.5,1313.9,4558.3,3447.7,29172.7
Aug-21,12994.5,5057.1,1471.6,1032.5,4593.1,3219.9,28368.7
Sep-21,12768.9,5330.7,1616.5,1137.6,4678.1,3369.8,28901.7
Oct-21,13259,5907.5,2173.8,1493.4,4959.2,3916.1,31709.1
Nov-21,12722.8,7018.2,3241,2106.2,5860.2,4222.7,35171.1
Dec-21,15255.2,7442.1,4136.7,2765.5,6683.3,4580.5,40863.3
Jan-22,13372,5722.6,2371.1,1446.9,4952.1,3997.3,31862
Feb-22,11886,5279.2,2205.5,1259.6,4583.2,3995.3,29208.8
Mar-22,13090,5875.3,2608.7,1599.3,5103.4,4554.2,32830.9
Apr-22,13070.3,5463.1,2767.8,1725,4898.5,4610.4,32535.1
May-22,12932.2,5769,2873.4,1767.6,5195.9,4748.9,33287.1
Jun-22,12499.6,6010.8,2868.6,1817.9,5166.2,4672.5,33035.5
Jul-22,13205.7,5750.9,2775.1,1760.3,5295.1,5013,33800
Aug-22,13310.4,5900.1,2687.7,1618,5282.3,5079,33877.5
Sep-22,13328.8,5968.8,2773,1744.1,5256.2,5205.9,34276.8
Oct-22,13930.9,6179.5,2872.5,1830.9,5413.9,5268.4,35496.2
Nov-22,13839.2,6897.5,3462.8,2292.6,6113.2,5261.5,37866.8
Dec-22,16471.7,7348.2,4490.6,3088.2,6899.8,5747.8,44046.3
Jan-23,13919.6,5724.3,2794.1,1687.8,5112.4,5100.2,34338.4
Feb-23,12838.4,5160.8,2339.8,1356.7,4728.3,4680.6,31104.6
Mar-23,14199.2,5541.5,2722.9,1674.2,5193.6,5343.9,34675.4
Apr-23,13806,5130.7,2837.2,1820.6,4850.1,5157.9,33602.6
May-23,13707.4,5502.7,3005.5,1833.5,5350,5325.2,34724.2
Jun-23,13266.7,5824.6,2876.4,1777.5,5145.1,5152.1,34042.4
Jul-23,13796.7,5432.4,2729.5,1740.5,5165.8,5398,34263
Aug-23,13857.4,5518.6,2732.5,1629.2,5307.7,5494.3,34539.7
Sep-23,13858.4,5749.2,2812.7,1782.4,5298,5481.3,34981.9
Oct-23,14268.5,5969,2854.3,1832.3,5471.7,5551.1,35946.9
Nov-23,14296.6,6885.5,3455.2,2363.7,6184.4,5463.5,38649
Dec-23,16634,7096.7,4450.6,3189,6951,5837.4,44158.6
Jan-24,14188.2,5611.9,2757.7,1672.6,5285.4,5219.1,34734.9
Feb-24,13546.5,5211.7,2521.7,1435.1,5049.2,4981.1,32745.3
Mar-24,14838.6,5294.9,2667.2,1729.1,5228.6,5378.4,35136.7
Apr-24,13749.8,5195.6,2807.9,1728.6,5213.8,5325.3,34020.9
May-24,14189.2,5510.7,3021.8,1806.4,5535.7,5391.6,35455.4
Jun-24,13699.6,5841.5,2917.2,1859,5333.5,5115.3,34766.2
Jul-24,14115.7,5565.5,2770.6,1746.4,5539.6,5431.5,35169.4
Aug-24,14593.1,5596.6,2812.4,1699.7,5673.8,5554.8,35930.3
Sep-24,14066,5695.3,2779.8,1718.4,5527,5524.5,35311.2